EmployeeID,ProjectID,AssignedDate
1,1,2026-01-15
2,2,2026-01-15
3,3,2026-01-15
4,4,2026-01-15
5,5,2026-01-15
6,6,2026-01-15
7,7,2026-01-15
8,8,2026-01-15
9,9,2026-01-15
10,10,2026-01-15
11,1,2026-01-15
12,2,2026-01-15
13,3,2026-01-15
14,4,2026-01-15
15,5,2026-01-15
16,6,2026-01-15
17,7,2026-01-15
18,8,2026-01-15
19,9,2026-01-15
20,10,2026-01-15
21,1,2026-01-15
22,2,2026-01-15
23,3,2026-01-15
24,4,2026-01-15
25,5,2026-01-15
26,6,2026-01-15
27,7,2026-01-15
28,8,2026-01-15
29,9,2026-01-15
30,10,2026-01-15
31,1,2026-01-15
32,2,2026-01-15
33,3,2026-01-15
34,4,2026-01-15
35,5,2026-01-15
36,6,2026-01-15
37,7,2026-01-15
38,8,2026-01-15
39,9,2026-01-15
40,10,2026-01-15
41,1,2026-01-15
42,2,2026-01-15
43,3,2026-01-15
44,4,2026-01-15
45,5,2026-01-15
46,6,2026-01-15
47,7,2026-01-15
48,8,2026-01-15
49,9,2026-01-15
50,10,2026-01-15
51,1,2026-01-15
52,2,2026-01-15
53,3,2026-01-15
54,4,2026-01-15
55,5,2026-01-15
56,6,2026-01-15
57,7,2026-01-15
58,8,2026-01-15
59,9,2026-01-15
60,10,2026-01-15
61,1,2026-01-15
62,2,2026-01-15
63,3,2026-01-15
64,4,2026-01-15
65,5,2026-01-15
66,6,2026-01-15
67,7,2026-01-15
68,8,2026-01-15
69,9,2026-01-15
70,10,2026-01-15
71,1,2026-01-15
72,2,2026-01-15
73,3,2026-01-15
74,4,2026-01-15
75,5,2026-01-15
76,6,2026-01-15
77,7,2026-01-15
78,8,2026-01-15
79,9,2026-01-15
80,10,2026-01-15
81,1,2026-01-15
82,2,2026-01-15
83,3,2026-01-15
84,4,2026-01-15
85,5,2026-01-15
86,6,2026-01-15
87,7,2026-01-15
88,8,2026-01-15
89,9,2026-01-15
90,10,2026-01-15
91,1,2026-01-15
92,2,2026-01-15
93,3,2026-01-15
94,4,2026-01-15
95,5,2026-01-15
96,6,2026-01-15
97,7,2026-01-15
98,8,2026-01-15
99,9,2026-01-15
100,10,2026-01-15
101,1,2026-01-15
102,2,2026-01-15
103,3,2026-01-15
104,4,2026-01-15
105,5,2026-01-15
106,6,2026-01-15
107,7,2026-01-15
108,8,2026-01-15
109,9,2026-01-15
110,10,2026-01-15
111,1,2026-01-15
112,2,2026-01-15
113,3,2026-01-15
114,4,2026-01-15
115,5,2026-01-15
116,6,2026-01-15
117,7,2026-01-15
118,8,2026-01-15
119,9,2026-01-15
120,10,2026-01-15
121,1,2026-01-15
122,2,2026-01-15
123,3,2026-01-15
124,4,2026-01-15
125,5,2026-01-15
126,6,2026-01-15
127,7,2026-01-15
128,8,2026-01-15
129,9,2026-01-15
130,10,2026-01-15
131,1,2026-01-15
132,2,2026-01-15
133,3,2026-01-15
134,4,2026-01-15
135,5,2026-01-15
136,6,2026-01-15
137,7,2026-01-15
138,8,2026-01-15
139,9,2026-01-15
140,10,2026-01-15
141,1,2026-01-15
142,2,2026-01-15
143,3,2026-01-15
144,4,2026-01-15
145,5,2026-01-15
146,6,2026-01-15
147,7,2026-01-15
148,8,2026-01-15
149,9,2026-01-15
150,10,2026-01-15
151,1,2026-01-15
152,2,2026-01-15
153,3,2026-01-15
154,4,2026-01-15
155,5,2026-01-15
156,6,2026-01-15
157,7,2026-01-15
158,8,2026-01-15
159,9,2026-01-15
160,10,2026-01-15
161,1,2026-01-15
162,2,2026-01-15
163,3,2026-01-15
164,4,2026-01-15
165,5,2026-01-15
166,6,2026-01-15
167,7,2026-01-15
168,8,2026-01-15
169,9,2026-01-15
170,10,2026-01-15
171,1,2026-01-15
172,2,2026-01-15
173,3,2026-01-15
174,4,2026-01-15
175,5,2026-01-15
176,6,2026-01-15
177,7,2026-01-15
178,8,2026-01-15
179,9,2026-01-15
180,10,2026-01-15
181,1,2026-01-15
182,2,2026-01-15
183,3,2026-01-15
184,4,2026-01-15
185,5,2026-01-15
186,6,2026-01-15
187,7,2026-01-15
188,8,2026-01-15
189,9,2026-01-15
190,10,2026-01-15
191,1,2026-01-15
192,2,2026-01-15
193,3,2026-01-15
194,4,2026-01-15
195,5,2026-01-15
196,6,2026-01-15
197,7,2026-01-15
198,8,2026-01-15
199,9,2026-01-15
200,10,2026-01-15
